[
    {
      "id" : 1,
      "storeName":"Asda Dundee Kirkton Superstore",
      "latitude":56.488165,
      "longitude":-2.984827,
      "maxCapacity":40,
      "currentCapacity":40,
      "queueLength":2
   },
   {
      "id" : 2,
      "storeName":"Tesco Extra",
      "latitude":56.483005,
      "longitude": -2.993275,
      "maxCapacity":60,
      "currentCapacity":60,
      "queueLength":10
   },

   {
    "id" : 3,
    "storeName":"Primark",
    "latitude":56.460179,
    "longitude": -2.971066,
    "maxCapacity":30,
    "currentCapacity":30,
    "queueLength":12
 },
 {
    "id" : 4,
    "storeName":"Tesco Extra",
    "latitude":56.454713,
    "longitude": -2.975702,
    "maxCapacity":60,
    "currentCapacity":45,
    "queueLength":0
 },

 {
    "id" : 5,
    "storeName":"Co-op Food",
    "latitude":56.470215,
    "longitude": -2.957049,
    "maxCapacity":15,
    "currentCapacity":6,
    "queueLength":0
 },

 {
    "id" : 6,
    "storeName":"Tesco Express",
    "latitude":56.474619,
    "longitude": -2.980526,
    "maxCapacity":15,
    "currentCapacity":15,
    "queueLength":4
 }

]